{"cameraMode":{"drawMode":0,"name":"Shaded","section":"Shading Mode"},"sceneLighting":true,"audioPlay":false,"sceneViewState":{"m_AlwaysRefresh":false,"showFog":true,"showSkybox":true,"showFlares":true,"showImageEffects":true,"showParticleSystems":true,"showVisualEffectGraphs":true,"m_FxEnabled":true},"in2DMode":false,"pivot":{"x":14.66063117980957,"y":0.929690957069397,"z":14.892842292785645},"rotation":{"x":-0.03374306485056877,"y":0.9576277732849121,"z":-0.12506109476089478,"w":-0.25727859139442446},"size":0.8695602416992188,"orthographic":false}